language;cluster;keyword
ru;hookah;HookahPlace Челябинск
ru;brand;Хукаплейс Челябинск
ru;brand;Хука плейс Челябинск
ru;brand;Хука Челябинск
ru;brand;Хукаплейс
ru;brand;Хука плейс
ru;brand;Хука
ru;brand;Хукахплейс Челябинск
ru;hookah;Hookah Place Челябинск
ru;brand;HP Челябинск
ru;brand;Хукаплейс официальный сайт
ru;hookah;HookahPlace официальный сайт
ru;brand;Хукаплейс адреса Челябинск
ru;hookah;HookahPlace адреса Челябинск
ru;menu_food;Хукаплейс меню Челябинск
ru;menu_food;HookahPlace меню Челябинск
ru;bar_restobar;Хукаплейс бар Челябинск
ru;hookah;Хукаплейс кальянная
ru;bar_restobar;Хукаплейс рестобар
ru;bar_restobar;HookahPlace рестобар Челябинск
ru;hookah;кальянная Челябинск
ru;hookah;кальянка Челябинск
ru;hookah;лучшая кальянка в Челябинске
ru;hookah;лучшая кальянная Челябинск
ru;hookah;кальян Челябинск
ru;hookah;покурить кальян Челябинск
ru;hookah;где покурить кальян в Челябинске
ru;hookah;кальянная рядом Челябинск
ru;location_center;кальянная в центре Челябинска
ru;hookah;кальянная 24 7 Челябинск
ru;hookah;круглосуточная кальянная Челябинск
ru;menu_food;кальянная с кухней Челябинск
ru;bar_restobar;кальянная с баром Челябинск
ru;bar_restobar;кальянная с коктейлями Челябинск
ru;hookah;кальянная с едой Челябинск
ru;hookah;кальянная с настолками Челябинск
ru;hookah;кальянная с PlayStation Челябинск
ru;hookah;кальянная для компании Челябинск
ru;hookah;кальянная для свидания Челябинск
ru;hookah;кальянная для дня рождения Челябинск
ru;hookah;кальянная вечером Челябинск
ru;hookah;кальянная ночью Челябинск
ru;hookah;недорогая кальянная Челябинск
ru;hookah;премиальная кальянная Челябинск
ru;hookah;кальянная с хорошими отзывами Челябинск
ru;hookah;кальянная с мастерами Челябинск
ru;hookah;кальян от 1500 Челябинск
ru;hookah;кальян на любой табак Челябинск
ru;brand;DEUS PERFUME Челябинск
ru;hookah;дымный кальян Челябинск
ru;hookah;вкусный кальян Челябинск
ru;bar_restobar;рестобар Челябинск
ru;bar_restobar;лучший рестобар Челябинск
ru;location_center;рестобар в центре Челябинска
ru;bar_restobar;рестобар с кальяном Челябинск
ru;bar_restobar;рестобар с кухней Челябинск
ru;bar_restobar;рестобар с барной картой Челябинск
ru;bar_restobar;рестобар для компании Челябинск
ru;bar_restobar;рестобар на выходные Челябинск
ru;bar_restobar;рестобар с доставкой Челябинск
ru;bar_restobar;бар Челябинск
ru;bar_restobar;лучший бар Челябинск
ru;location_center;бар в центре Челябинска
ru;bar_restobar;бар с кальяном Челябинск
ru;bar_restobar;бар с кухней Челябинск
ru;bar_restobar;бар с коктейлями Челябинск
ru;bar_restobar;бар для компании Челябинск
ru;bar_restobar;коктейльный бар Челябинск
ru;bar_restobar;барная карта Челябинск
ru;bar_restobar;куда сходить в бар Челябинск
ru;bar_restobar;где посидеть в баре Челябинск
ru;bar_restobar;вечерний бар Челябинск
ru;bar_restobar;бар на выходные Челябинск
ru;bar_restobar;бар с музыкой Челябинск
ru;club_events;бар с DJ Челябинск
ru;club_events;клуб Челябинск
ru;club_events;клуб Челябинска
ru;club_events;клубный вечер Челябинск
ru;club_events;клуб с кальяном Челябинск
ru;club_events;клуб с баром Челябинск
ru;club_events;вечеринки Челябинск
ru;club_events;вечеринка Челябинск
ru;club_events;DJ сет Челябинск
ru;club_events;диджей сет Челябинск
ru;brand;куда сходить вечером Челябинск
ru;brand;куда сходить ночью Челябинск
ru;brand;куда сходить на выходных Челябинск
ru;brand;где отметить день рождения Челябинск
ru;hookah;день рождения в кальянной Челябинск
ru;bar_restobar;день рождения в баре Челябинск
ru;brand;место для компании Челябинск
ru;brand;посидеть с друзьями Челябинск
ru;club_events;pre party Челябинск
ru;brand;ночной отдых Челябинск
ru;club_events;афиша вечеринок Челябинск
ru;location_pravda;HookahPlace Правда
ru;location_pravda;Хукаплейс Правда
ru;location_pravda;Правда Челябинск
ru;location_pravda;Правда хука Челябинск
ru;location_pravda;кальянная Правда Челябинск
ru;location_pravda;рестобар Правда Челябинск
ru;location_pravda;бар Правда Челябинск
ru;location_pravda;Правда Ленина 64
ru;location_pravda;кальянная Ленина 64
ru;location_pravda;бар Ленина 64 Челябинск
ru;location_pravda;рестобар Ленина 64
ru;location_pravda;кальянная на Ленина Челябинск
ru;location_pravda;круглосуточная кальянная Ленина 64
ru;location_soyuz;HookahPlace Союз
ru;location_soyuz;Хукаплейс Союз
ru;location_soyuz;Союз Челябинск
ru;location_soyuz;кальянная Союз Челябинск
ru;location_soyuz;рестобар Союз Челябинск
ru;location_soyuz;бар Союз Челябинск
ru;location_soyuz;Союз Цвиллинга 25
ru;location_soyuz;кальянная Цвиллинга 25
ru;location_soyuz;бар Цвиллинга 25 Челябинск
ru;location_soyuz;рестобар Цвиллинга 25
ru;location_soyuz;кальянная на Цвиллинга Челябинск
ru;location_center;HookahPlace Центр
ru;location_center;Хукаплейс Центр
ru;location_center;кальянная Центр Челябинск
ru;location_center;Центр Тимирязева 21
ru;location_center;кальянная Тимирязева 21
ru;location_center;бар Тимирязева 21
ru;location_center;кальянная на Тимирязева Челябинск
ru;location_severok;HookahPlace Северок
ru;location_severok;Хукаплейс Северок
ru;location_severok;Северок Челябинск
ru;location_severok;кальянная Северок Челябинск
ru;location_severok;Северок Братьев Кашириных 124
ru;location_severok;кальянная Братьев Кашириных 124
ru;location_severok;бар Братьев Кашириных Челябинск
ru;hookah;кальянная на северо запад Челябинск
ru;menu_food;кухня HookahPlace Челябинск
ru;menu_food;меню HookahPlace Челябинск
ru;menu_food;меню кальянной Челябинск
ru;bar_restobar;барное меню Челябинск
ru;bar_restobar;коктейли HookahPlace Челябинск
ru;menu_food;авторская кухня Челябинск
ru;menu_food;доставка еды HookahPlace
ru;menu_food;доставка Правды Челябинск
ru;menu_food;Яндекс Еда HookahPlace
ru;brand;закуски к пиву Челябинск
ru;bar_restobar;бургеры Челябинск бар
ru;bar_restobar;паста Челябинск рестобар
ru;bar_restobar;десерты Челябинск бар
ru;bar_restobar;завтраки Челябинск рестобар
ru;brand;где поесть вечером Челябинск
ru;hookah;где посидеть с кальяном Челябинск
en;hookah;HookahPlace Chelyabinsk
en;hookah;Hookah Place Chelyabinsk
en;hookah;HookahPlace in Chelyabinsk
en;hookah;Hookah Place in Chelyabinsk
en;hookah;HookahPlace official Chelyabinsk
en;hookah;HookahPlace Chelyabinsk official website
en;menu_food;HookahPlace Chelyabinsk menu
en;hookah;HookahPlace Chelyabinsk addresses
en;bar_restobar;HookahPlace Chelyabinsk bar
en;hookah;HookahPlace Chelyabinsk lounge
en;bar_restobar;HookahPlace Chelyabinsk restaurant bar
en;hookah;HookahPlace Chelyabinsk hookah lounge
en;club_events;HookahPlace Chelyabinsk nightlife
en;club_events;HookahPlace Chelyabinsk party
en;hookah;HookahPlace Chelyabinsk booking
en;hookah;HookahPlace Chelyabinsk phone
en;hookah;HookahPlace Chelyabinsk location
en;hookah;HookahPlace Chelyabinsk reviews
en;menu_food;HookahPlace Chelyabinsk food
en;bar_restobar;HookahPlace Chelyabinsk cocktails
en;hookah;hookah lounge Chelyabinsk
en;hookah;best hookah lounge Chelyabinsk
en;bar_restobar;hookah bar Chelyabinsk
en;bar_restobar;best hookah bar Chelyabinsk
en;hookah;hookah cafe Chelyabinsk
en;bar_restobar;hookah restaurant Chelyabinsk
en;hookah;shisha lounge Chelyabinsk
en;bar_restobar;shisha bar Chelyabinsk
en;hookah;best shisha Chelyabinsk
en;brand;smoke lounge Chelyabinsk
en;hookah;where to smoke hookah in Chelyabinsk
en;hookah;hookah near me Chelyabinsk
en;hookah;hookah lounge near me Chelyabinsk
en;location_center;hookah in city center Chelyabinsk
en;hookah;24 hour hookah Chelyabinsk
en;hookah;hookah lounge open late Chelyabinsk
en;hookah;night hookah Chelyabinsk
en;menu_food;hookah lounge with food Chelyabinsk
en;bar_restobar;hookah lounge with bar Chelyabinsk
en;bar_restobar;hookah lounge with cocktails Chelyabinsk
en;hookah;hookah lounge for friends Chelyabinsk
en;hookah;hookah lounge for date Chelyabinsk
en;hookah;hookah lounge for birthday Chelyabinsk
en;hookah;premium hookah Chelyabinsk
en;hookah;affordable hookah Chelyabinsk
en;hookah;hookah masters Chelyabinsk
en;hookah;tasty hookah Chelyabinsk
en;hookah;strong hookah Chelyabinsk
en;hookah;DEUS PERFUME hookah Chelyabinsk
en;hookah;hookah from 1500 Chelyabinsk
en;bar_restobar;restaurant bar Chelyabinsk
en;bar_restobar;best restaurant bar Chelyabinsk
en;bar_restobar;restobar Chelyabinsk
en;bar_restobar;best restobar Chelyabinsk
en;location_center;restobar in Chelyabinsk city center
en;bar_restobar;restobar with hookah Chelyabinsk
en;bar_restobar;restobar with food Chelyabinsk
en;bar_restobar;restobar with cocktails Chelyabinsk
en;bar_restobar;restobar for friends Chelyabinsk
en;bar_restobar;restobar for weekend Chelyabinsk
en;bar_restobar;bar Chelyabinsk
en;bar_restobar;best bar Chelyabinsk
en;location_center;bar in Chelyabinsk city center
en;bar_restobar;cocktail bar Chelyabinsk
en;bar_restobar;bar with hookah Chelyabinsk
en;bar_restobar;bar with food Chelyabinsk
en;club_events;bar with DJ Chelyabinsk
en;bar_restobar;bar with music Chelyabinsk
en;bar_restobar;night bar Chelyabinsk
en;bar_restobar;evening bar Chelyabinsk
en;brand;where to drink in Chelyabinsk
en;brand;where to go out in Chelyabinsk
en;brand;where to eat at night Chelyabinsk
en;bar_restobar;cocktails Chelyabinsk
en;bar_restobar;bar menu Chelyabinsk
en;club_events;club Chelyabinsk
en;club_events;best club Chelyabinsk
en;club_events;night club Chelyabinsk
en;club_events;club with hookah Chelyabinsk
en;club_events;club with bar Chelyabinsk
en;club_events;party Chelyabinsk
en;brand;parties Chelyabinsk
en;club_events;nightlife Chelyabinsk
en;club_events;DJ set Chelyabinsk
en;club_events;weekend party Chelyabinsk
en;brand;where to go tonight Chelyabinsk
en;brand;where to go on weekend Chelyabinsk
en;brand;birthday venue Chelyabinsk
en;bar_restobar;birthday bar Chelyabinsk
en;hookah;birthday hookah lounge Chelyabinsk
en;brand;friends night out Chelyabinsk
en;club_events;pre party Chelyabinsk
en;bar_restobar;event bar Chelyabinsk
en;location_pravda;HookahPlace Pravda
en;location_pravda;HookahPlace Pravda Chelyabinsk
en;location_pravda;Pravda Chelyabinsk
en;location_pravda;Pravda hookah Chelyabinsk
en;location_pravda;Pravda bar Chelyabinsk
en;location_pravda;Pravda restaurant bar Chelyabinsk
en;location_pravda;Pravda Lenina 64
en;location_pravda;hookah Lenina 64 Chelyabinsk
en;location_pravda;bar Lenina 64 Chelyabinsk
en;location_pravda;restobar Lenina 64 Chelyabinsk
en;location_pravda;24 hour hookah Lenina 64
en;location_soyuz;HookahPlace Soyuz
en;location_soyuz;HookahPlace Soyuz Chelyabinsk
en;location_soyuz;Soyuz Chelyabinsk
en;location_soyuz;Soyuz hookah Chelyabinsk
en;location_soyuz;Soyuz bar Chelyabinsk
en;location_soyuz;Soyuz restaurant bar Chelyabinsk
en;location_soyuz;Soyuz Ts villinga 25
en;location_soyuz;Soyuz Tsvillinga 25
en;location_soyuz;hookah Tsvillinga 25 Chelyabinsk
en;location_soyuz;bar Tsvillinga 25 Chelyabinsk
en;location_soyuz;restobar Tsvillinga 25
en;location_center;HookahPlace Center Chelyabinsk
en;location_center;HookahPlace Centr Chelyabinsk
en;location_center;Center hookah Chelyabinsk
en;location_center;Centr hookah Chelyabinsk
en;location_center;Timiryazeva 21 hookah
en;location_center;hookah Timiryazeva 21 Chelyabinsk
en;location_center;bar Timiryazeva 21 Chelyabinsk
en;location_severok;HookahPlace Severok
en;location_severok;HookahPlace Severok Chelyabinsk
en;location_severok;Severok Chelyabinsk
en;location_severok;Severok hookah Chelyabinsk
en;location_severok;Severok bar Chelyabinsk
en;location_severok;Bratyev Kashirinykh 124 hookah
en;location_severok;hookah Bratyev Kashirinykh 124
en;hookah;north west hookah Chelyabinsk
en;menu_food;HookahPlace food menu
en;menu_food;HookahPlace kitchen Chelyabinsk
en;menu_food;HookahPlace delivery Chelyabinsk
en;menu_food;HookahPlace Yandex Food
en;location_pravda;Pravda food delivery Chelyabinsk
en;brand;author cuisine Chelyabinsk
en;menu_food;food and hookah Chelyabinsk
en;bar_restobar;cocktails and hookah Chelyabinsk
en;brand;beer snacks Chelyabinsk
en;bar_restobar;burgers Chelyabinsk bar
en;bar_restobar;pasta Chelyabinsk restobar
en;bar_restobar;desserts Chelyabinsk bar
en;bar_restobar;breakfast Chelyabinsk restobar
en;brand;where to eat in Chelyabinsk
en;brand;where to eat in the evening Chelyabinsk
en;brand;late dinner Chelyabinsk
en;bar_restobar;Chelyabinsk lounge bar
en;bar_restobar;Chelyabinsk hookah restaurant
en;hookah;Chelyabinsk shisha lounge
en;hookah;where to sit with hookah Chelyabinsk
